INSERT INTO Department values ('1234','Computer Science', 'CS100','5551122','123-55-1234'), (‘4321’, ‘Mathematics’, ‘M200’, ‘5559800’, ‘555-12-1122’);

INSERT INTO Professor values (‘123-55-1234’, ‘M’, ‘657’, ‘5551234’, ‘CA’, ‘Fullerton’, ‘State College’, ‘Professor’, ‘John Doe’, ‘145000’), (‘555-12-1122’, ‘F’, ‘657’, ‘5556789’, ‘CA’, ‘Fullerton’, ‘State College’, ‘Professor’, ‘Jane Smith’, ‘152000’), ('555-91-2200', 'M', '657', '5559000','92806', 'CA', 'Fullerton', 'State College', 'Professor', 'Joe blough', '102000');

INSERT INTO Course values ('332', 'File Structures AND Databases Systems', '3', 'Intro to Database Systems', '1234'), ('300', 'Data Structures', '3', 'Data Structures C++', '1234'), ('338', 'Statistics', '4', 'Stats', '4321'), ('351', ‘Linear Algebra’, '4', 'Linear Algebra AND Matrices', '4321');

INSERT INTO Student values (‘888892502’, ‘Alex’, ’Chan’, ‘310-882-9341’, ‘6133, Seven St. Fullerton, CA 92831’, ‘4321’), (‘889488383’, ‘Eric’, ’Kwon’, ‘323-561-8964’, ‘4734, Lane St. Fullerton, CA 92806’, ‘1234’), (‘891373300’, ‘Dylan’, ’Lee’, ‘310-854-7651’, ‘8532, Bacon St. Brea, CA 92843’, ‘4321’), (‘888990991’, ‘Lawrence’, ’Smith’, ‘323-732-0984’, ‘2563, Blaze Blvd. Yorba Linda, CA 92674’, ‘1234’), (‘893403196’, ‘Maria’, ’Lopez’, ‘310-076-5432’, ‘3534, Cake St. Torrance, CA 90503’, ‘1234’), (‘889381893’, ‘Kevin’, ’James’, ‘323-908-3456’, ‘9043, Durian St. Fullerton, CA 92831’, ‘4321’), (‘890118037’, ‘Jorge, ’Sandler’, ‘310-324-6709’, ‘4543, Oxford St. Fullerton, CA 92831’, ‘1234’), (‘888372703’, ‘Sam’, ’Ye’, ‘310-432-7869’, ‘6543, Durian St. Torrance, CA 90503’, ‘4321’);

INSERT INTO Section values (‘01’, ‘351’, ‘123-55-1234’, ‘CS 102’, ‘35’, ‘MoWe’, ‘1:00PM’, ‘2:15PM’), (‘02’, ‘300’, ‘555-12-1122’, ‘CS 301’, ‘40’, ‘TuTh’, ‘4:00PM’, ‘5:15PM’), (‘10’, ‘338’, ‘555-91-2200’, ‘McCarthy 215’, ‘35’, ‘Mo’, ‘1:00PM’, ‘3:45PM’), (‘04’, ‘338’, ‘555-91-2200’, ‘McCarthy 423’, ‘25’, ‘MoWe’, ‘5:30PM’, ‘6:45PM’), (‘05’, ‘351’, ‘123-55-1234’, ‘McCarthy 506’, ‘35’, ‘TuTh’, ‘10:00AM’, ‘11:15AM’), (‘07’, ‘332’, ‘555-12-1122’, ‘CS 305’, ‘40’, ‘Tu’, ‘11:00AM’, ‘1:15PM’);

INSERT INTO Enroll values (‘891373300’, ‘01’, ‘351’, ‘A’), (‘891373300’, ‘02’, ‘300’, ‘B+’), (‘889488383’, ‘04’, ‘338’, ‘C-’), (‘889488383’, ‘07’, ‘332’, ‘B’), (‘888892502’, ‘10’, ‘338’, ‘A-’), (‘888892502’, ‘05’, ‘351’, ‘C+’), (‘888990991’, ‘07’, ‘332’, ‘A’), (‘888990991’, ‘02’, ‘300’, ‘D’), (‘888990991’, ‘04’, ‘338’, ‘C+’), (‘893403196’, ‘07’, ‘332’, ‘B-’), (‘893403196’, ‘01’, ‘351’, ‘B’), (‘893403196’, ‘10’, ‘338’, ‘C’), (‘889381893’, ‘02’, ‘300’, ‘C+’), (‘889381893’, ‘04’, ‘338’, ‘B’), (‘889381893’, ‘05’, ‘351’, ‘A+’), (‘890118037’, ‘01’, ‘351’, ‘A’), (‘890118037’, ‘10’, ‘338’, ‘B+’), (‘890118037’, ‘02’, ‘300’, ‘C’), (‘888372703’, ‘01’, ‘351’, ‘A-’), (‘888372703’, ‘04’, ‘338’, ‘B’); s